Woodlawn [4],Mosholu Pkwy [4] ,Bedford Park Blvd - Lehman College [4] ,Kingsbridge Rd [4] ,Fordham Rd [4] ,183 St [4] ,Burnside Av [4] ,176 St [4] ,Mt Eden Av [4] ,170 St [4] ,167 St [4] ,"161 St - Yankee Stadium [B,D,4] ","149 St - Grand Concourse [2,4,5] ","138 St - Grand Concourse [4,5] ","125 St [4,5,6x,6] ","116 St [4,6x,6] ","110 St [4,6x,6] ","103 St [4,6x,6] ","96 St [4,6x,6] ","86 St [4,5,6x,6] ","77 St [4,6x,6] ","68 St - Hunter College [4,6x,6] ","Lexington Av / 59 St [F,N,Q,R,4,5,6] ","51 St [4,6x,6,E,M] ","Grand Central - 42 St [4,5,6x,6,7,7x,S] ","33 St [4,6x,6] ","28 St [4,6x,6] ","23 St [4,6x,6] ","Union Sq - 14 St [4,5,6,6x,L,N,Q,R,W] ","Astor Pl [4,6x,6] ","Bleecker St [4,6x,6,B,D,F,M] ","Spring St [4,6x,6] ","Canal St [N,Q,R,J,Z,6] ","Brooklyn Bridge - Chambers St [J,Z,4,5,6] ","Fulton St [A,C,N,R,W,J,Z,2,3,4,5] ","Wall St [4,5] ","Bowling Green [4,5] ","Borough Hall [2,3,4,5,N,R,W] ","Nevins St [2,3,4,5] ","Atlantic Av - Barclays Ctr [B,D,N,Q,R,2,3,4,5] ","Bergen St [2,3,4] ","Grand Army Plaza [2,3,4] ","Eastern Pkwy - Brooklyn Museum [2,3,4] ","Franklin Av [S,2,3,4,5] ","Nostrand Av [2,3,4,5] ","Kingston Av [2,3,4,5] ","Crown Hts - Utica Av [2,3,4,5] ","Sutter Av - Rutland Rd [2,3,4,5] ","Saratoga Av [2,3,4,5] ","Rockaway Av [2,3,4,5] ","Junius St [2,3,4,5] ","Pennsylvania Av [2,3,4,5] ","Van Siclen Av [2,3,4,5] ","New Lots Av [2,3,4,5] "
0:06,0:07,0:08,0:09,0:13,0:14,0:15,0:16,0:17,0:18,0:21,0:23,0:26,0:27,0:30,0:31,0:32,0:33,0:34,0:35,0:36,0:37,0:38,0:39,0:41,0:42,0:43,0:43,0:44,0:45,0:45,0:46,0:47,0:49,0:50,0:51,0:53,0:54,0:55,1:01,1:02,1:03,1:04,1:07,1:08,1:09,1:22,1:23,1:24,1:25,1:26,1:27,1:28,1:33
0:15,0:16,0:17,0:18,0:22,0:23,0:25,0:26,0:27,0:28,0:30,0:32,0:35,0:36,0:40,0:41,0:42,0:43,0:44,0:45,0:46,0:47,0:48,0:49,0:56,0:57,0:58,0:58,0:59,1:00,1:00,1:01,1:02,1:09,1:10,1:11,1:13,1:14,1:15,1:21,1:22,1:23,1:24,1:27,1:28,1:29,1:42,1:43,1:44,1:45,1:46,1:47,1:48,1:53
0:35,0:36,0:37,0:38,0:42,0:43,0:45,0:46,0:47,0:48,0:50,0:52,0:55,0:56,1:00,1:01,1:02,1:03,1:04,1:05,1:06,1:07,1:08,1:09,1:16,1:17,1:18,1:18,1:19,1:20,1:20,1:21,1:22,1:29,1:30,1:31,1:33,1:34,1:35,1:41,1:42,1:43,1:44,1:47,1:48,1:49,2:02,2:03,2:04,2:05,2:06,2:07,2:08,2:13
0:55,0:56,0:57,0:58,1:02,1:03,1:05,1:06,1:07,1:08,1:10,1:12,1:15,1:16,1:20,1:21,1:22,1:23,1:24,1:25,1:26,1:27,1:28,1:29,1:36,1:37,1:38,1:38,1:39,1:40,1:40,1:41,1:42,1:49,1:50,1:51,1:53,1:54,1:55,2:01,2:02,2:03,2:04,2:07,2:08,2:09,2:22,2:23,2:24,2:25,2:26,2:27,2:28,2:33
1:15,1:16,1:17,1:18,1:22,1:23,1:25,1:26,1:27,1:28,1:30,1:32,1:35,1:36,1:40,1:41,1:42,1:43,1:44,1:45,1:46,1:47,1:48,1:49,1:56,1:57,1:58,1:58,1:59,2:00,2:00,2:01,2:02,2:09,2:10,2:11,2:13,2:14,2:15,2:21,2:22,2:23,2:24,2:27,2:28,2:29,2:42,2:43,2:44,2:45,2:46,2:47,2:48,2:53
1:35,1:36,1:37,1:38,1:42,1:43,1:45,1:46,1:47,1:48,1:50,1:52,1:55,1:56,2:00,2:01,2:02,2:03,2:04,2:05,2:06,2:07,2:08,2:09,2:16,2:17,2:18,2:18,2:19,2:20,2:20,2:21,2:22,2:29,2:30,2:31,2:33,2:34,2:35,2:41,2:42,2:43,2:44,2:47,2:48,2:49,3:02,3:03,3:04,3:05,3:06,3:07,3:08,3:13
1:55,1:56,1:57,1:58,2:02,2:03,2:05,2:06,2:07,2:08,2:10,2:12,2:15,2:16,2:20,2:21,2:22,2:23,2:24,2:25,2:26,2:27,2:28,2:29,2:36,2:37,2:38,2:38,2:39,2:40,2:40,2:41,2:42,2:49,2:50,2:51,2:53,2:54,2:55,3:01,3:02,3:03,3:04,3:07,3:08,3:09,3:22,3:23,3:24,3:25,3:26,3:27,3:28,3:33
2:15,2:16,2:17,2:18,2:22,2:23,2:25,2:26,2:27,2:28,2:30,2:32,2:35,2:36,2:40,2:41,2:42,2:43,2:44,2:45,2:46,2:47,2:48,2:49,2:56,2:57,2:58,2:58,2:59,3:00,3:00,3:01,3:02,3:09,3:10,3:11,3:13,3:14,3:15,3:21,3:22,3:23,3:24,3:27,3:28,3:29,3:42,3:43,3:44,3:45,3:46,3:47,3:48,3:53
2:35,2:36,2:37,2:38,2:42,2:43,2:45,2:46,2:47,2:48,2:50,2:52,2:55,2:56,3:00,3:01,3:02,3:03,3:04,3:05,3:06,3:07,3:08,3:09,3:16,3:17,3:18,3:18,3:19,3:20,3:20,3:21,3:22,3:29,3:30,3:31,3:33,3:34,3:35,3:41,3:42,3:43,3:44,3:47,3:48,3:49,4:02,4:03,4:04,4:05,4:06,4:07,4:08,4:13
2:55,2:56,2:57,2:58,3:02,3:03,3:05,3:06,3:07,3:08,3:10,3:12,3:15,3:16,3:20,3:21,3:22,3:23,3:24,3:25,3:26,3:27,3:28,3:29,3:36,3:37,3:38,3:38,3:39,3:40,3:40,3:41,3:42,3:49,3:50,3:51,3:53,3:54,3:55,4:01,4:02,4:03,4:04,4:07,4:08,4:09,4:22,4:23,4:24,4:25,4:26,4:27,4:28,4:33
3:15,3:16,3:17,3:18,3:22,3:23,3:25,3:26,3:27,3:28,3:30,3:32,3:35,3:36,3:40,3:41,3:42,3:43,3:44,3:45,3:46,3:47,3:48,3:49,3:56,3:57,3:58,3:58,3:59,4:00,4:00,4:01,4:02,4:09,4:10,4:11,4:13,4:14,4:15,4:21,4:22,4:23,4:24,4:27,4:28,4:29,4:42,4:43,4:44,4:45,4:46,4:47,4:48,4:53
3:35,3:36,3:37,3:38,3:42,3:43,3:45,3:46,3:47,3:48,3:50,3:52,3:55,3:56,4:00,4:01,4:02,4:03,4:04,4:05,4:06,4:07,4:08,4:09,4:16,4:17,4:18,4:18,4:19,4:20,4:20,4:21,4:22,4:29,4:30,4:31,4:33,4:34,4:35,4:41,4:42,4:43,4:44,4:47,4:48,4:49,4:58,4:59,5:00,5:01,5:02,5:03,5:04,5:09
3:55,3:56,3:57,3:58,4:02,4:03,4:05,4:06,4:07,4:08,4:10,4:12,4:15,4:16,4:20,4:21,4:22,4:23,4:24,4:25,4:26,4:27,4:28,4:29,4:36,4:37,4:38,4:38,4:39,4:40,4:40,4:41,4:42,4:49,4:50,4:51,4:53,4:54,4:55,5:01,5:02,5:03,5:04,5:07,5:08,5:09,5:18,5:19,5:20,5:21,5:22,5:23,5:24,5:29
4:10,4:11,4:12,4:13,4:17,4:18,4:19,4:20,4:21,4:22,4:25,4:27,4:30,4:31,4:34,4:35,4:36,4:37,4:38,4:39,4:40,4:41,4:42,4:43,4:50,4:51,4:52,4:52,4:53,4:54,4:54,4:55,4:56,5:03,5:04,5:05,5:07,5:08,5:09,5:15,5:16,5:17,5:18,5:22,5:23,5:24,5:28,5:29,5:30,5:31,5:32,5:33,5:34,5:39
4:22,4:23,4:24,4:25,4:29,4:30,4:31,4:32,4:33,4:34,4:37,4:39,4:42,4:43,4:46,4:47,4:48,4:49,4:50,4:51,4:52,4:53,4:54,4:55,5:02,5:03,5:04,5:04,5:05,5:06,5:06,5:07,5:08,5:15,5:16,5:17,5:19,5:20,5:21,5:27,5:28,5:29,5:30,5:34,5:35,5:36,5:39,5:40,5:41,5:42,5:43,5:44,5:45,5:50
4:39,4:40,4:41,4:42,4:46,4:47,4:48,4:49,4:50,4:51,4:54,4:56,4:59,5:00,5:03,5:04,5:05,5:06,5:07,5:08,5:09,5:10,5:11,5:12,5:14,5:15,5:16,5:16,5:17,5:18,5:18,5:19,5:20,5:23,5:24,5:25,5:27,5:28,5:29,5:35,5:36,5:37,5:38,5:41,5:42,5:43,5:46,5:47,5:48,5:49,5:50,5:51,5:52,5:57
4:51,4:52,4:53,4:54,4:58,4:59,5:00,5:01,5:02,5:03,5:06,5:08,5:11,5:12,5:15,5:16,5:17,5:18,5:19,5:20,5:21,5:22,5:23,5:24,5:26,5:27,5:28,5:28,5:29,5:30,5:30,5:31,5:32,5:35,5:36,5:37,5:39,5:40,5:41,5:47,5:48,5:49,5:50,5:54,5:55,5:56,6:01,6:02,6:03,6:04,6:05,6:06,6:07,6:12
5:05,5:06,5:07,5:08,5:12,5:13,5:14,5:15,5:16,5:17,5:20,5:22,5:25,5:26,5:29,5:30,5:31,5:32,5:33,5:34,5:35,5:36,5:37,5:38,5:40,5:41,5:42,5:42,5:43,5:44,5:44,5:45,5:46,5:49,5:50,5:51,5:54,5:55,5:56,6:02,6:03,6:04,6:05,6:08,6:09,6:10,6:13,6:14,6:15,6:16,6:17,6:18,6:19,—
5:16,5:17,5:18,5:19,5:23,5:24,5:26,5:27,5:28,5:29,5:31,5:33,5:36,5:37,5:41,5:42,5:43,5:44,5:45,5:46,5:47,5:48,5:49,5:50,5:52,5:53,5:54,5:54,5:55,5:56,5:56,5:57,5:58,6:01,6:02,6:03,6:05,6:06,6:07,6:14,6:15,6:16,6:17,6:18,6:19,6:20,6:21,6:22,6:23,6:24,6:25,6:26,6:27,—
5:25,5:26,5:27,5:28,5:32,5:33,5:35,5:36,5:37,5:38,5:40,5:42,5:45,5:46,5:50,5:51,5:52,5:53,5:54,5:55,5:56,5:57,5:58,5:59,6:01,6:02,6:03,6:03,6:04,6:05,6:05,6:06,6:07,6:10,6:11,6:12,6:14,6:15,6:16,6:23,6:24,6:25,6:26,6:27,6:28,6:29,6:30,6:31,6:32,6:33,6:34,6:35,6:36,—
5:34,5:35,5:36,5:37,5:42,5:43,5:45,5:46,5:47,5:48,5:51,5:53,5:56,5:57,6:00,6:01,6:02,6:03,6:04,6:05,6:06,6:07,6:08,6:09,6:11,6:12,6:13,6:13,6:14,6:15,6:15,6:16,6:17,6:20,6:21,6:22,6:25,6:26,6:27,6:33,6:34,6:35,6:36,6:37,6:38,6:39,6:41,6:42,6:43,6:44,6:45,6:46,6:47,—
5:43,5:44,5:45,5:46,5:51,5:52,5:54,5:55,5:56,5:57,6:00,6:02,6:06,6:07,6:10,6:11,6:12,6:13,6:14,6:15,6:16,6:17,6:18,6:19,6:21,6:22,6:23,6:23,6:24,6:25,6:25,6:26,6:27,6:30,6:31,6:32,6:35,6:36,6:37,6:43,6:44,6:45,6:46,6:47,6:48,6:49,6:51,6:52,6:53,6:54,6:55,6:56,6:57,—
5:52,5:53,5:54,5:55,6:00,6:01,6:03,6:04,6:05,6:06,6:09,6:11,6:15,6:16,6:19,6:20,6:21,6:22,6:23,6:24,6:25,6:26,6:27,6:28,6:30,6:31,6:32,6:32,6:33,6:34,6:34,6:35,6:36,6:39,6:40,6:41,6:44,6:45,6:46,6:52,6:53,6:54,6:55,6:56,6:57,6:58,7:00,7:01,7:02,7:03,7:04,7:05,7:06,—
6:00,6:01,6:02,6:03,6:08,6:09,6:11,6:12,6:13,6:14,6:17,6:19,6:23,6:24,6:27,6:28,6:29,6:30,6:31,6:32,6:33,6:34,6:35,6:36,6:38,6:39,6:40,6:40,6:41,6:42,6:42,6:43,6:44,6:47,6:48,6:49,6:52,6:53,6:54,7:00,7:01,7:02,7:03,7:04,7:05,7:06,7:08,7:09,7:10,7:11,7:12,7:13,7:14,—
6:03,6:04,6:05,6:06,6:11,6:12,6:14,6:15,6:16,6:17,6:20,6:22,6:26,6:27,6:30,6:31,6:32,6:33,6:34,6:35,6:36,6:37,6:38,6:39,6:42,6:43,6:44,6:44,6:45,6:46,6:46,6:47,6:48,6:51,6:52,6:53,6:56,6:57,6:58,7:04,7:05,7:06,7:07,7:08,7:09,7:10,7:12,7:13,7:14,7:15,7:16,7:17,7:18,—
6:09,6:10,6:11,6:12,6:17,6:18,6:20,6:21,6:22,6:23,6:26,6:28,6:32,6:33,6:36,6:37,6:38,6:39,6:40,6:41,6:42,6:43,6:44,6:45,6:49,6:50,6:51,6:51,6:52,6:53,6:53,6:54,6:55,6:58,6:59,7:00,7:02,7:03,7:04,7:11,7:12,7:13,7:14,7:15,7:16,7:17,7:19,7:20,7:21,7:22,7:23,7:24,7:25,—
6:15,6:16,6:17,6:18,6:23,6:24,6:26,6:27,6:28,6:29,6:32,6:34,6:38,6:39,6:42,6:43,6:44,6:45,6:46,6:47,6:48,6:49,6:50,6:51,6:55,6:56,6:57,6:57,6:58,6:59,6:59,7:00,7:01,7:04,7:05,7:06,7:09,7:10,7:11,7:18,7:19,7:20,7:21,7:22,7:23,7:24,7:25,7:26,7:27,7:28,7:29,7:30,7:31,—
6:21,6:22,6:23,6:24,6:29,6:30,6:32,6:33,6:34,6:35,6:38,6:40,6:44,6:45,6:48,6:49,6:50,6:51,6:52,6:53,6:54,6:55,6:56,6:57,7:01,7:02,7:03,7:03,7:04,7:05,7:05,7:06,7:07,7:10,7:11,7:12,7:15,7:16,7:17,7:24,7:25,7:26,7:27,7:28,7:29,7:30,7:32,7:33,7:34,7:35,7:36,7:37,7:38,—
6:27,6:28,6:29,6:30,6:35,6:36,6:38,6:39,6:40,6:41,6:44,6:46,6:50,6:51,6:54,6:55,6:56,6:57,6:58,6:59,7:00,7:01,7:02,7:03,7:07,7:08,7:09,7:09,7:10,7:11,7:11,7:12,7:13,7:16,7:17,7:18,7:21,7:22,7:23,7:30,7:31,7:32,7:33,7:34,7:35,7:36,7:38,7:39,7:40,7:41,7:42,7:43,7:44,—
6:31,6:32,6:33,6:34,6:39,6:40,6:42,6:43,6:44,6:45,6:48,6:50,6:54,6:55,7:00,7:01,7:02,7:03,7:04,7:05,7:06,7:07,7:08,7:09,7:13,7:14,7:15,7:15,7:16,7:17,7:17,7:18,7:19,7:22,7:23,7:24,7:27,7:28,7:29,7:36,7:37,7:38,7:39,7:40,7:41,7:42,7:44,7:45,7:46,7:47,7:48,7:49,7:50,—
6:36,6:37,6:38,6:39,6:44,6:45,6:47,6:48,6:49,6:50,6:53,6:55,6:59,7:00,7:06,7:07,7:08,7:09,7:10,7:11,7:12,7:13,7:14,7:15,7:19,7:20,7:21,7:21,7:22,7:23,7:23,7:24,7:25,7:28,7:29,7:30,7:33,7:34,7:35,7:42,7:43,7:44,7:45,7:46,7:47,7:48,7:50,7:51,7:52,7:53,7:54,7:55,7:56,—
6:41,6:42,6:43,6:44,6:49,6:50,6:52,6:53,6:54,6:55,6:58,7:01,7:05,7:06,7:12,7:13,7:14,7:15,7:16,7:17,7:18,7:19,7:20,7:21,7:25,7:26,7:27,7:27,7:28,7:29,7:29,7:30,7:31,7:35,7:36,7:37,7:40,7:41,7:42,7:49,7:50,7:51,7:52,7:53,7:54,7:55,7:56,7:57,7:58,7:59,8:00,8:01,8:02,—
6:47,6:48,6:49,6:50,6:55,6:56,6:58,6:59,7:00,7:01,7:04,7:07,7:11,7:12,7:18,7:19,7:20,7:21,7:22,7:23,7:24,7:25,7:26,7:27,7:31,7:32,7:33,7:33,7:34,7:35,7:35,7:36,7:37,7:41,7:42,7:43,7:46,7:47,7:48,7:55,7:56,7:57,7:58,7:59,8:00,8:01,8:03,8:04,8:05,8:06,8:07,8:08,8:09,—
—,#VALUE!,#VALUE!,#VALUE!,7:01,7:02,7:04,7:05,7:06,7:07,7:10,7:12,7:16,7:17,7:24,7:25,7:26,7:27,7:28,7:29,7:30,7:31,7:32,7:33,7:37,7:38,7:39,7:39,7:40,7:41,7:41,7:42,7:43,7:47,7:48,7:49,7:52,7:53,7:54,8:01,8:02,8:03,8:04,8:05,8:06,8:07,8:08,8:09,8:10,8:11,8:12,8:13,8:14,—
6:57,6:58,6:59,7:00,7:05,7:06,7:08,7:09,7:10,7:11,7:14,7:17,7:21,7:22,7:29,7:30,7:31,7:32,7:33,7:34,7:35,7:36,7:37,7:38,7:42,7:43,7:44,7:44,7:45,7:46,7:46,7:47,7:48,7:52,7:53,7:54,7:57,7:58,7:59,8:06,8:07,8:08,8:09,8:10,8:11,8:12,8:14,8:15,8:16,8:17,8:18,8:19,8:20,—
7:02,7:03,7:04,7:05,7:10,7:11,7:13,7:14,7:15,7:16,7:19,7:22,7:26,7:27,7:34,7:35,7:36,7:37,7:38,7:39,7:40,7:41,7:42,7:43,7:47,7:48,7:49,7:49,7:50,7:51,7:51,7:52,7:53,7:57,7:58,7:59,8:02,8:03,8:04,8:11,8:12,8:13,8:14,8:15,8:16,8:17,8:19,8:20,8:21,8:22,8:23,8:24,8:25,—
7:07,7:08,7:09,7:10,7:15,7:16,7:18,7:19,7:20,7:21,7:24,7:26,7:30,7:31,7:38,7:39,7:40,7:41,7:42,7:43,7:44,7:45,7:46,7:47,7:52,7:53,7:54,7:54,7:55,7:56,7:56,7:57,7:58,8:02,8:03,8:04,8:07,8:08,8:09,8:16,8:17,8:18,8:19,8:20,8:21,8:22,8:24,8:25,8:26,8:27,8:28,8:29,8:30,—
—,#VALUE!,#VALUE!,#VALUE!,7:17,7:18,7:20,7:21,7:22,7:23,7:26,7:28,7:32,7:33,7:40,7:41,7:42,7:43,7:44,7:45,7:46,7:47,7:48,7:49,7:54,7:55,7:56,7:56,7:57,7:58,7:58,7:59,8:00,8:04,8:05,8:06,8:09,8:10,8:11,8:18,8:19,8:20,8:21,8:22,8:23,8:24,8:26,8:27,8:28,8:29,8:30,8:31,8:32,—
7:13,7:14,7:15,7:16,7:21,7:22,7:24,7:25,7:26,7:27,7:30,7:33,7:37,7:38,7:45,7:46,7:47,7:48,7:49,7:50,7:51,7:52,7:53,7:54,7:58,7:59,8:00,8:00,8:01,8:02,8:02,8:03,8:04,8:09,8:10,8:11,8:14,8:15,8:16,—,#VALUE!,#VALUE!,#VALUE!,—,#VALUE!,#VALUE!,—,#VALUE!,#VALUE!,#VALUE!,#VALUE!,#VALUE!,#VALUE!,—
7:15,7:16,7:17,7:18,7:23,7:24,7:26,7:27,7:28,7:29,7:32,7:35,7:41,7:42,7:49,7:50,7:51,7:52,7:53,7:54,7:55,7:56,7:57,7:58,8:02,8:03,8:04,8:04,8:05,8:06,8:06,8:07,8:08,8:14,8:15,8:16,8:19,8:20,8:21,8:28,8:29,8:30,8:31,8:32,8:33,8:34,8:36,8:37,8:38,8:39,8:40,8:41,8:42,—
7:22,7:23,7:24,7:25,7:30,7:31,7:33,7:34,7:35,7:36,7:39,7:41,7:45,7:46,7:53,7:54,7:55,7:56,7:57,7:58,7:59,8:00,8:01,8:02,8:07,8:08,8:09,8:09,8:10,8:11,8:11,8:12,8:13,8:18,8:19,8:20,8:23,8:24,8:25,8:32,8:33,8:34,8:35,8:36,8:37,8:38,8:41,8:42,8:43,8:44,8:45,8:46,8:47,—
—,#VALUE!,#VALUE!,#VALUE!,7:34,7:35,7:37,7:38,7:39,7:40,7:43,7:45,7:49,7:50,7:58,7:59,8:00,8:01,8:02,8:03,8:04,8:05,8:06,8:07,8:11,8:12,8:13,8:13,8:14,8:15,8:15,8:16,8:17,8:23,8:24,8:25,8:28,8:29,8:30,8:37,8:38,8:39,8:40,8:41,8:42,8:43,8:46,8:47,8:48,8:49,8:50,8:51,8:52,—
7:29,7:30,7:31,7:32,7:37,7:38,7:40,7:41,7:42,7:43,7:47,7:49,7:54,7:55,8:02,8:03,8:04,8:05,8:06,8:07,8:08,8:09,8:10,8:11,8:16,8:17,8:18,8:18,8:19,8:20,8:20,8:21,8:22,8:27,8:28,8:29,8:33,8:34,8:35,8:42,8:43,8:44,8:45,8:46,8:47,8:48,8:50,8:51,8:52,8:53,8:54,8:55,8:56,—
7:35,7:36,7:37,7:38,7:43,7:44,7:46,7:47,7:48,7:49,7:52,7:55,7:58,7:59,8:06,8:07,8:08,8:09,8:10,8:11,8:12,8:13,8:14,8:15,8:21,8:22,8:23,8:23,8:24,8:25,8:25,8:26,8:27,8:33,8:34,8:35,8:39,8:40,8:41,8:48,8:49,8:50,8:51,8:52,8:53,8:54,8:56,8:57,8:58,8:59,9:00,9:01,9:02,—
—,#VALUE!,#VALUE!,#VALUE!,7:46,7:47,7:49,7:50,7:51,7:52,7:56,7:58,8:02,8:03,8:11,8:12,8:13,8:14,8:15,8:16,8:17,8:18,8:19,8:20,8:25,8:26,8:27,8:27,8:28,8:29,8:29,8:30,8:31,8:38,8:39,8:40,8:43,8:44,8:45,8:52,8:53,8:54,8:55,8:56,8:57,8:58,9:01,9:02,9:03,9:04,9:05,9:06,9:07,—
7:42,7:43,7:44,7:45,7:50,7:51,7:53,7:54,7:55,7:56,8:00,8:02,8:06,8:07,8:15,8:16,8:17,8:18,8:19,8:20,8:21,8:22,8:23,8:24,8:30,8:31,8:32,8:32,8:33,8:34,8:34,8:35,8:36,8:42,8:43,8:44,8:48,8:49,8:50,8:57,8:58,8:59,9:00,9:01,9:02,9:03,9:05,9:06,9:07,9:08,9:09,9:10,9:11,—
7:46,7:47,7:48,7:49,7:54,7:55,7:57,7:58,7:59,8:00,8:04,8:06,8:10,8:11,8:19,8:20,8:21,8:22,8:23,8:24,8:25,8:26,8:27,8:28,8:34,8:35,8:36,8:36,8:37,8:38,8:38,8:39,8:40,8:46,8:47,8:48,8:52,8:53,8:54,9:01,9:02,9:03,9:04,9:05,9:06,9:07,9:09,9:10,9:11,9:12,9:13,9:14,9:15,—
7:50,7:51,7:52,7:53,7:58,7:59,8:01,8:02,8:03,8:04,8:08,8:10,8:14,8:15,8:23,8:24,8:25,8:26,8:27,8:28,8:29,8:30,8:31,8:32,8:38,8:39,8:40,8:40,8:41,8:42,8:42,8:43,8:44,8:50,8:51,8:52,8:56,8:57,8:58,9:05,9:06,9:07,9:08,9:09,9:10,9:11,9:14,9:15,9:16,9:17,9:18,9:19,9:20,—
7:54,7:55,7:56,7:57,8:02,8:03,8:05,8:06,8:07,8:08,8:12,8:14,8:18,8:19,8:27,8:28,8:29,8:30,8:31,8:32,8:33,8:34,8:35,8:36,8:43,8:44,8:45,8:45,8:46,8:47,8:47,8:48,8:49,8:55,8:56,8:57,9:01,9:02,9:03,9:10,9:11,9:12,9:13,9:14,9:15,9:16,9:19,9:20,9:21,9:22,9:23,9:24,9:25,—
7:59,8:00,8:01,8:02,8:07,8:08,8:10,8:11,8:12,8:13,8:17,8:19,8:23,8:24,8:32,8:33,8:34,8:35,8:36,8:37,8:38,8:39,8:40,8:41,8:48,8:49,8:50,8:50,8:51,8:52,8:52,8:53,8:54,9:00,9:01,9:02,9:06,9:07,9:08,9:15,9:16,9:17,9:18,9:19,9:20,9:21,9:23,9:24,9:25,9:26,9:27,9:28,9:29,—
8:04,8:05,8:06,8:07,8:12,8:13,8:15,8:16,8:17,8:18,8:22,8:24,8:28,8:29,8:37,8:38,8:39,8:40,8:41,8:42,8:43,8:44,8:45,8:46,8:54,8:55,8:56,8:56,8:57,8:58,8:58,8:59,9:00,9:06,9:07,9:08,9:12,9:13,9:14,9:21,9:22,9:23,9:24,9:25,9:26,9:27,9:29,9:30,9:31,9:32,9:33,9:34,9:35,—
8:08,8:09,8:10,8:11,8:16,8:17,8:19,8:20,8:21,8:22,8:26,8:28,8:32,8:33,8:41,8:42,8:43,8:44,8:45,8:46,8:47,8:48,8:49,8:50,8:58,8:59,9:00,9:00,9:01,9:02,9:02,9:03,9:04,9:10,9:11,9:12,9:16,9:17,9:18,9:25,9:26,9:27,9:28,9:30,9:31,9:32,9:35,9:36,9:37,9:38,9:39,9:40,9:41,—
8:14,8:15,8:16,8:17,8:22,8:23,8:25,8:26,8:27,8:28,8:31,8:34,8:38,8:39,8:46,8:47,8:48,8:49,8:50,8:51,8:52,8:53,8:54,8:55,9:02,9:03,9:04,9:04,9:05,9:06,9:06,9:07,9:08,9:15,9:16,9:17,9:21,9:22,9:23,9:30,9:31,9:32,9:33,9:34,9:35,9:36,9:38,9:39,9:40,9:41,9:42,9:43,9:44,—
8:19,8:20,8:21,8:22,8:27,8:28,8:30,8:31,8:32,8:33,8:36,8:39,8:43,8:44,8:51,8:52,8:53,8:54,8:55,8:56,8:57,8:58,8:59,9:00,9:07,9:08,9:09,9:09,9:10,9:11,9:11,9:12,9:13,9:20,9:21,9:22,9:26,9:27,9:28,9:35,9:36,9:37,9:38,9:39,9:40,9:41,9:43,9:44,9:45,9:46,9:47,9:48,9:49,—
8:24,8:25,8:26,8:27,8:32,8:33,8:35,8:36,8:37,8:38,8:42,8:44,8:48,8:49,8:56,8:57,8:58,8:59,9:00,9:01,9:02,9:03,9:04,9:05,9:12,9:13,9:14,9:14,9:15,9:16,9:16,9:17,9:18,9:25,9:26,9:27,9:31,9:32,9:33,9:40,9:41,9:42,9:43,9:44,9:45,9:46,9:48,9:49,9:50,9:51,9:52,9:53,9:54,—
8:29,8:30,8:31,8:32,8:37,8:38,8:40,8:41,8:42,8:43,8:47,8:49,8:53,8:54,9:01,9:02,9:03,9:04,9:05,9:06,9:07,9:08,9:09,9:10,9:17,9:18,9:19,9:19,9:20,9:21,9:21,9:22,9:23,9:30,9:31,9:32,9:36,9:37,9:38,9:45,9:46,9:47,9:48,9:49,9:50,9:51,9:53,9:54,9:55,9:56,9:57,9:58,9:59,—
8:34,8:35,8:36,8:37,8:42,8:43,8:45,8:46,8:47,8:48,8:52,8:54,8:58,8:59,9:03,9:04,9:05,9:06,9:07,9:08,9:09,9:10,9:11,9:12,9:19,9:20,9:21,9:21,9:22,9:23,9:23,9:24,9:25,9:33,9:34,9:35,9:38,9:39,9:40,9:47,9:48,9:49,9:50,9:51,9:52,9:53,9:56,9:57,9:58,9:59,10:00,10:01,10:02,—
8:41,8:42,8:43,8:44,8:48,8:49,8:51,8:52,8:53,8:54,8:58,9:00,9:04,9:05,9:09,9:10,9:11,9:12,9:13,9:14,9:15,9:16,9:17,9:18,9:25,9:26,9:27,9:27,9:28,9:29,9:29,9:30,9:31,9:38,9:39,9:40,9:44,9:45,9:46,9:53,9:54,9:55,9:56,9:57,9:58,9:59,10:01,10:02,10:03,10:04,10:05,10:06,10:07,—
8:47,8:48,8:49,8:50,8:55,8:56,8:58,8:59,9:00,9:01,9:04,9:07,9:11,9:12,9:15,9:16,9:17,9:18,9:19,9:20,9:21,9:22,9:23,9:24,9:30,9:31,9:32,9:32,9:33,9:34,9:34,9:35,9:36,9:43,9:44,9:45,9:49,9:50,9:51,9:58,9:59,10:00,10:01,10:02,10:03,10:04,10:05,10:06,10:07,10:08,10:09,10:10,10:11,—
8:53,8:54,8:55,8:56,9:01,9:02,9:04,9:05,9:06,9:07,9:10,9:13,9:17,9:18,9:21,9:22,9:23,9:24,9:25,9:26,9:27,9:28,9:29,9:30,9:36,9:37,9:38,9:38,9:39,9:40,9:40,9:41,9:42,9:49,9:50,9:51,9:55,9:56,9:57,10:04,10:05,10:06,10:07,10:08,10:09,10:10,10:11,10:12,10:13,10:14,10:15,10:16,10:17,—
9:00,9:01,9:02,9:03,9:08,9:09,9:11,9:12,9:13,9:14,9:17,9:20,9:24,9:25,9:28,9:29,9:30,9:31,9:32,9:33,9:34,9:35,9:36,9:37,9:42,9:43,9:44,9:44,9:45,9:46,9:46,9:47,9:48,9:55,9:56,9:57,10:00,10:01,10:02,10:09,10:10,10:11,10:12,10:13,10:14,10:15,10:19,10:20,10:21,10:22,10:23,10:24,10:25,—
9:04,9:05,9:06,9:07,9:11,9:12,9:14,9:15,9:16,9:17,9:21,9:23,9:26,9:27,9:31,9:32,9:33,9:34,9:35,9:36,9:37,9:38,9:39,9:40,9:44,9:45,9:46,9:46,9:47,9:48,9:48,9:49,9:50,9:57,9:58,9:59,10:02,10:03,10:04,10:11,10:12,10:13,10:14,10:15,10:16,10:17,10:23,10:24,10:25,10:26,10:27,10:28,10:29,—
9:08,9:09,9:10,9:11,9:15,9:16,9:18,9:19,9:20,9:21,9:25,9:27,9:30,9:31,9:35,9:36,9:37,9:38,9:39,9:40,9:41,9:42,9:43,9:44,9:48,9:49,9:50,9:50,9:51,9:52,9:52,9:53,9:54,10:01,10:02,10:03,10:06,10:07,10:08,10:15,10:16,10:17,10:18,10:19,10:20,10:21,10:25,10:26,10:27,10:28,10:29,10:30,10:31,—
9:14,9:15,9:16,9:17,9:22,9:23,9:25,9:26,9:27,9:28,9:31,9:33,9:36,9:37,9:40,9:41,9:42,9:43,9:44,9:45,9:46,9:47,9:48,9:49,9:53,9:54,9:55,9:55,9:56,9:57,9:57,9:58,9:59,10:04,10:05,10:06,10:10,10:11,10:12,10:19,10:20,10:21,10:22,10:23,10:24,10:25,10:28,10:29,10:30,10:31,10:32,10:33,10:34,—
9:20,9:21,9:22,9:23,9:28,9:29,9:31,9:32,9:33,9:34,9:37,9:39,9:43,9:44,9:47,9:48,9:49,9:50,9:51,9:52,9:53,9:54,9:55,9:56,9:59,10:00,10:01,10:01,10:02,10:03,10:03,10:04,10:05,10:10,10:11,10:12,10:15,10:16,10:17,10:24,10:25,10:26,10:27,10:28,10:29,10:30,10:34,10:35,10:36,10:37,10:38,10:39,10:40,—
9:24,9:25,9:26,9:27,9:31,9:32,9:34,9:35,9:36,9:37,9:40,9:42,9:46,9:47,9:51,9:52,9:53,9:54,9:55,9:56,9:57,9:58,9:59,10:00,10:02,10:03,10:04,10:04,10:05,10:06,10:06,10:07,10:08,10:12,10:13,10:14,10:17,10:18,10:19,10:26,10:27,10:28,10:29,10:30,10:31,10:32,10:36,10:37,10:38,10:39,10:40,10:41,10:42,—
9:31,9:32,9:33,9:34,9:39,9:40,9:42,9:43,9:44,9:45,9:48,9:50,9:54,9:55,9:58,9:59,10:00,10:01,10:02,10:03,10:04,10:05,10:06,10:07,10:10,10:11,10:12,10:12,10:13,10:14,10:14,10:15,10:16,10:20,10:21,10:22,10:25,10:26,10:27,10:34,10:35,10:36,10:37,10:38,10:39,10:40,10:43,10:44,10:45,10:46,10:47,10:48,10:49,—
9:39,9:40,9:41,9:42,9:47,9:48,9:50,9:51,9:52,9:53,9:56,9:58,10:02,10:03,10:06,10:07,10:08,10:09,10:10,10:11,10:12,10:13,10:14,10:15,10:18,10:19,10:20,10:20,10:21,10:22,10:22,10:23,10:24,10:28,10:29,10:30,10:33,10:34,10:35,10:42,10:43,10:44,10:45,10:46,10:47,10:48,10:51,10:52,10:53,10:54,10:55,10:56,10:57,—
9:47,9:48,9:49,9:50,9:55,9:56,9:58,9:59,10:00,10:01,10:04,10:06,10:10,10:11,10:14,10:15,10:16,10:17,10:18,10:19,10:20,10:21,10:22,10:23,10:26,10:27,10:28,10:28,10:29,10:30,10:30,10:31,10:32,10:36,10:37,10:38,10:41,10:42,10:43,10:50,10:51,10:52,10:53,10:54,10:55,10:56,10:59,11:00,11:01,11:02,11:03,11:04,11:05,—
9:55,9:56,9:57,9:58,10:03,10:04,10:06,10:07,10:08,10:09,10:12,10:14,10:18,10:19,10:22,10:23,10:24,10:25,10:26,10:27,10:28,10:29,10:30,10:31,10:34,10:35,10:36,10:36,10:37,10:38,10:38,10:39,10:40,10:44,10:45,10:46,10:49,10:50,10:51,10:58,10:59,11:00,11:01,11:02,11:03,11:04,11:07,11:08,11:09,11:10,11:11,11:12,11:13,—
10:03,10:04,10:05,10:06,10:11,10:12,10:14,10:15,10:16,10:17,10:20,10:22,10:26,10:27,10:30,10:31,10:32,10:33,10:34,10:35,10:36,10:37,10:38,10:39,10:42,10:43,10:44,10:44,10:45,10:46,10:46,10:47,10:48,10:52,10:53,10:54,10:57,10:58,10:59,11:06,11:07,11:08,11:09,11:10,11:11,11:12,11:15,11:16,11:17,11:18,11:19,11:20,11:21,—
10:11,10:12,10:13,10:14,10:19,10:20,10:22,10:23,10:24,10:25,10:28,10:30,10:34,10:35,10:38,10:39,10:40,10:41,10:42,10:43,10:44,10:45,10:46,10:47,10:50,10:51,10:52,10:52,10:53,10:54,10:54,10:55,10:56,11:00,11:01,11:02,11:05,11:06,11:07,11:14,11:15,11:16,11:17,11:18,11:19,11:20,11:23,11:24,11:25,11:26,11:27,11:28,11:29,—
10:19,10:20,10:21,10:22,10:27,10:28,10:30,10:31,10:32,10:33,10:36,10:38,10:42,10:43,10:46,10:47,10:48,10:49,10:50,10:51,10:52,10:53,10:54,10:55,10:58,10:59,11:00,11:00,11:01,11:02,11:02,11:03,11:04,11:08,11:09,11:10,11:13,11:14,11:15,11:22,11:23,11:24,11:25,11:26,11:27,11:28,11:31,11:32,11:33,11:34,11:35,11:36,11:37,—
10:27,10:28,10:29,10:30,10:35,10:36,10:38,10:39,10:40,10:41,10:44,10:46,10:50,10:51,10:54,10:55,10:56,10:57,10:58,10:59,11:00,11:01,11:02,11:03,11:06,11:07,11:08,11:08,11:09,11:10,11:10,11:11,11:12,11:16,11:17,11:18,11:21,11:22,11:23,11:30,11:31,11:32,11:33,11:34,11:35,11:36,11:39,11:40,11:41,11:42,11:43,11:44,11:45,—
10:35,10:36,10:37,10:38,10:43,10:44,10:46,10:47,10:48,10:49,10:52,10:54,10:58,10:59,11:02,11:03,11:04,11:05,11:06,11:07,11:08,11:09,11:10,11:11,11:14,11:15,11:16,11:16,11:17,11:18,11:18,11:19,11:20,11:24,11:25,11:26,11:29,11:30,11:31,11:38,11:39,11:40,11:41,11:42,11:43,11:44,11:47,11:48,11:49,11:50,11:51,11:52,11:53,—
10:43,10:44,10:45,10:46,10:51,10:52,10:54,10:55,10:56,10:57,11:00,11:02,11:06,11:07,11:10,11:11,11:12,11:13,11:14,11:15,11:16,11:17,11:18,11:19,11:22,11:23,11:24,11:24,11:25,11:26,11:26,11:27,11:28,11:32,11:33,11:34,11:37,11:38,11:39,11:46,11:47,11:48,11:49,11:50,11:51,11:52,11:55,11:56,11:57,11:58,11:59,12:00,12:01,—
10:51,10:52,10:53,10:54,10:59,11:00,11:02,11:03,11:04,11:05,11:08,11:10,11:14,11:15,11:18,11:19,11:20,11:21,11:22,11:23,11:24,11:25,11:26,11:27,11:30,11:31,11:32,11:32,11:33,11:34,11:34,11:35,11:36,11:40,11:41,11:42,11:45,11:46,11:47,11:54,11:55,11:56,11:57,11:58,11:59,12:00,12:03,12:04,12:05,12:06,12:07,12:08,12:09,—
10:59,11:00,11:01,11:02,11:07,11:08,11:10,11:11,11:12,11:13,11:16,11:18,11:22,11:23,11:26,11:27,11:28,11:29,11:30,11:31,11:32,11:33,11:34,11:35,11:38,11:39,11:40,11:40,11:41,11:42,11:42,11:43,11:44,11:48,11:49,11:50,11:53,11:54,11:55,12:02,12:03,12:04,12:05,12:06,12:07,12:08,12:11,12:12,12:13,12:14,12:15,12:16,12:17,—
11:07,11:08,11:09,11:10,11:15,11:16,11:18,11:19,11:20,11:21,11:24,11:26,11:30,11:31,11:34,11:35,11:36,11:37,11:38,11:39,11:40,11:41,11:42,11:43,11:46,11:47,11:48,11:48,11:49,11:50,11:50,11:51,11:52,11:56,11:57,11:58,12:01,12:02,12:03,12:10,12:11,12:12,12:13,12:14,12:15,12:16,12:19,12:20,12:21,12:22,12:23,12:24,12:25,—
11:15,11:16,11:17,11:18,11:23,11:24,11:26,11:27,11:28,11:29,11:32,11:34,11:38,11:39,11:42,11:43,11:44,11:45,11:46,11:47,11:48,11:49,11:50,11:51,11:54,11:55,11:56,11:56,11:57,11:58,11:58,11:59,12:00,12:04,12:05,12:06,12:09,12:10,12:11,12:18,12:19,12:20,12:21,12:22,12:23,12:24,12:27,12:28,12:29,12:30,12:31,12:32,12:33,—
11:23,11:24,11:25,11:26,11:31,11:32,11:34,11:35,11:36,11:37,11:40,11:42,11:46,11:47,11:50,11:51,11:52,11:53,11:54,11:55,11:56,11:57,11:58,11:59,12:02,12:03,12:04,12:04,12:05,12:06,12:06,12:07,12:08,12:12,12:13,12:14,12:17,12:18,12:19,12:26,12:27,12:28,12:29,12:30,12:31,12:32,12:35,12:36,12:37,12:38,12:39,12:40,12:41,—
11:31,11:32,11:33,11:34,11:39,11:40,11:42,11:43,11:44,11:45,11:48,11:50,11:54,11:55,11:58,11:59,12:00,12:01,12:02,12:03,12:04,12:05,12:06,12:07,12:10,12:11,12:12,12:12,12:13,12:14,12:14,12:15,12:16,12:20,12:21,12:22,12:25,12:26,12:27,12:34,12:35,12:36,12:37,12:38,12:39,12:40,12:43,12:44,12:45,12:46,12:47,12:48,12:49,—
11:39,11:40,11:41,11:42,11:47,11:48,11:50,11:51,11:52,11:53,11:56,11:58,12:02,12:03,12:06,12:07,12:08,12:09,12:10,12:11,12:12,12:13,12:14,12:15,12:18,12:19,12:20,12:20,12:21,12:22,12:22,12:23,12:24,12:28,12:29,12:30,12:33,12:34,12:35,12:42,12:43,12:44,12:45,12:46,12:47,12:48,12:51,12:52,12:53,12:54,12:55,12:56,12:57,—
11:47,11:48,11:49,11:50,11:55,11:56,11:58,11:59,12:00,12:01,12:04,12:06,12:10,12:11,12:14,12:15,12:16,12:17,12:18,12:19,12:20,12:21,12:22,12:23,12:26,12:27,12:28,12:28,12:29,12:30,12:30,12:31,12:32,12:36,12:37,12:38,12:41,12:42,12:43,12:50,12:51,12:52,12:53,12:54,12:55,12:56,12:59,13:00,13:01,13:02,13:03,13:04,13:05,—
11:55,11:56,11:57,11:58,12:03,12:04,12:06,12:07,12:08,12:09,12:12,12:14,12:18,12:19,12:22,12:23,12:24,12:25,12:26,12:27,12:28,12:29,12:30,12:31,12:34,12:35,12:36,12:36,12:37,12:38,12:38,12:39,12:40,12:44,12:45,12:46,12:49,12:50,12:51,12:58,12:59,13:00,13:01,13:02,13:03,13:04,13:07,13:08,13:09,13:10,13:11,13:12,13:13,—
12:03,12:04,12:05,12:06,12:11,12:12,12:14,12:15,12:16,12:17,12:20,12:22,12:26,12:27,12:30,12:31,12:32,12:33,12:34,12:35,12:36,12:37,12:38,12:39,12:42,12:43,12:44,12:44,12:45,12:46,12:46,12:47,12:48,12:52,12:53,12:54,12:57,12:58,12:59,13:06,13:07,13:08,13:09,13:10,13:11,13:12,13:15,13:16,13:17,13:18,13:19,13:20,13:21,—
12:11,12:12,12:13,12:14,12:19,12:20,12:22,12:23,12:24,12:25,12:28,12:30,12:34,12:35,12:38,12:39,12:40,12:41,12:42,12:43,12:44,12:45,12:46,12:47,12:50,12:51,12:52,12:52,12:53,12:54,12:54,12:55,12:56,13:00,13:01,13:02,13:05,13:06,13:07,13:14,13:15,13:16,13:17,13:18,13:19,13:20,13:23,13:24,13:25,13:26,13:27,13:28,13:29,—
12:19,12:20,12:21,12:22,12:27,12:28,12:30,12:31,12:32,12:33,12:36,12:38,12:42,12:43,12:46,12:47,12:48,12:49,12:50,12:51,12:52,12:53,12:54,12:55,12:58,12:59,13:00,13:00,13:01,13:02,13:02,13:03,13:04,13:08,13:09,13:10,13:13,13:14,13:15,13:22,13:23,13:24,13:25,13:26,13:27,13:28,13:31,13:32,13:33,13:34,13:35,13:36,13:37,—
12:27,12:28,12:29,12:30,12:35,12:36,12:38,12:39,12:40,12:41,12:44,12:46,12:50,12:51,12:54,12:55,12:56,12:57,12:58,12:59,13:00,13:01,13:02,13:03,13:06,13:07,13:08,13:08,13:09,13:10,13:10,13:11,13:12,13:16,13:17,13:18,13:21,13:22,13:23,13:30,13:31,13:32,13:33,13:34,13:35,13:36,13:39,13:40,13:41,13:42,13:43,13:44,13:45,—
12:35,12:36,12:37,12:38,12:43,12:44,12:46,12:47,12:48,12:49,12:52,12:54,12:58,12:59,13:02,13:03,13:04,13:05,13:06,13:07,13:08,13:09,13:10,13:11,13:14,13:15,13:16,13:16,13:17,13:18,13:18,13:19,13:20,13:24,13:25,13:26,13:29,13:30,13:31,13:38,13:39,13:40,13:41,13:42,13:43,13:44,13:47,13:48,13:49,13:50,13:51,13:52,13:53,—
12:43,12:44,12:45,12:46,12:51,12:52,12:54,12:55,12:56,12:57,13:00,13:02,13:06,13:07,13:10,13:11,13:12,13:13,13:14,13:15,13:16,13:17,13:18,13:19,13:22,13:23,13:24,13:24,13:25,13:26,13:26,13:27,13:28,13:32,13:33,13:34,13:37,13:38,13:39,13:46,13:47,13:48,13:49,13:50,13:51,13:52,13:55,13:56,13:57,13:58,13:59,14:00,14:01,—
12:51,12:52,12:53,12:54,12:59,13:00,13:02,13:03,13:04,13:05,13:08,13:10,13:14,13:15,13:18,13:19,13:20,13:21,13:22,13:23,13:24,13:25,13:26,13:27,13:30,13:31,13:32,13:32,13:33,13:34,13:34,13:35,13:36,13:40,13:41,13:42,13:45,13:46,13:47,13:54,13:55,13:56,13:57,13:58,13:59,14:00,14:03,14:04,14:05,14:06,14:07,14:08,14:09,—
12:59,13:00,13:01,13:02,13:07,13:08,13:10,13:11,13:12,13:13,13:16,13:18,13:22,13:23,13:26,13:27,13:28,13:29,13:30,13:31,13:32,13:33,13:34,13:35,13:38,13:39,13:40,13:40,13:41,13:42,13:42,13:43,13:44,13:48,13:49,13:50,13:53,13:54,13:55,14:02,14:03,14:04,14:05,14:06,14:07,14:08,14:11,14:12,14:13,14:14,14:15,14:16,14:17,—
13:07,13:08,13:09,13:10,13:15,13:16,13:18,13:19,13:20,13:21,13:24,13:26,13:30,13:31,13:34,13:35,13:36,13:37,13:38,13:39,13:40,13:41,13:42,13:43,13:46,13:47,13:48,13:48,13:49,13:50,13:50,13:51,13:52,13:56,13:57,13:58,14:01,14:02,14:03,14:10,14:11,14:12,14:13,14:14,14:15,14:16,14:19,14:20,14:21,14:22,14:23,14:24,14:25,—
13:15,13:16,13:17,13:18,13:23,13:24,13:26,13:27,13:28,13:29,13:32,13:34,13:38,13:39,13:42,13:43,13:44,13:45,13:46,13:47,13:48,13:49,13:50,13:51,13:54,13:55,13:56,13:56,13:57,13:58,13:58,13:59,14:00,14:04,14:05,14:06,14:09,14:10,14:11,14:18,14:19,14:20,14:21,14:22,14:23,14:24,14:27,14:28,14:29,14:30,14:31,14:32,14:33,—
13:23,13:24,13:25,13:26,13:31,13:32,13:34,13:35,13:36,13:37,13:40,13:42,13:46,13:47,13:50,13:51,13:52,13:53,13:54,13:55,13:56,13:57,13:58,13:59,14:02,14:03,14:04,14:04,14:05,14:06,14:06,14:07,14:08,14:12,14:13,14:14,14:17,14:18,14:19,14:26,14:27,14:28,14:29,14:30,14:31,14:32,14:35,14:36,14:37,14:38,14:39,14:40,14:41,—
13:31,13:32,13:33,13:34,13:39,13:40,13:42,13:43,13:44,13:45,13:48,13:50,13:54,13:55,13:58,13:59,14:00,14:01,14:02,14:03,14:04,14:05,14:06,14:07,14:10,14:11,14:12,14:12,14:13,14:14,14:14,14:15,14:16,14:20,14:21,14:22,14:25,14:26,14:27,14:34,14:35,14:36,14:37,14:38,14:39,14:40,14:43,14:44,14:45,14:46,14:47,14:48,14:49,—
13:39,13:40,13:41,13:42,13:47,13:48,13:50,13:51,13:52,13:53,13:56,13:58,14:02,14:03,14:06,14:07,14:08,14:09,14:10,14:11,14:12,14:13,14:14,14:15,14:18,14:19,14:20,14:20,14:21,14:22,14:22,14:23,14:24,14:28,14:29,14:30,14:33,14:34,14:35,14:42,14:43,14:44,14:45,14:46,14:47,14:48,14:51,14:52,14:53,14:54,14:55,14:56,14:57,—
13:47,13:48,13:49,13:50,13:55,13:56,13:58,13:59,14:00,14:01,14:04,14:06,14:10,14:11,14:14,14:15,14:16,14:17,14:18,14:19,14:20,14:21,14:22,14:23,14:26,14:27,14:28,14:28,14:29,14:30,14:30,14:31,14:32,14:36,14:37,14:38,14:41,14:42,14:43,14:50,14:51,14:52,14:53,14:54,14:55,14:56,14:59,15:00,15:01,15:02,15:03,15:04,15:05,—
13:55,13:56,13:57,13:58,14:03,14:04,14:06,14:07,14:08,14:09,14:12,14:14,14:18,14:19,14:22,14:23,14:24,14:25,14:26,14:27,14:28,14:29,14:30,14:31,14:34,14:35,14:36,14:36,14:37,14:38,14:38,14:39,14:40,14:44,14:45,14:46,14:49,14:50,14:51,14:58,14:59,15:00,15:01,15:02,15:03,15:04,15:07,15:08,15:09,15:10,15:11,15:12,15:13,—
14:03,14:04,14:05,14:06,14:11,14:12,14:14,14:15,14:16,14:17,14:20,14:22,14:26,14:27,14:30,14:31,14:32,14:33,14:34,14:35,14:36,14:37,14:38,14:39,14:42,14:43,14:44,14:44,14:45,14:46,14:46,14:47,14:48,14:52,14:53,14:54,14:57,14:58,14:59,15:06,15:07,15:08,15:09,15:10,15:11,15:12,15:15,15:16,15:17,15:18,15:19,15:20,15:21,—
14:11,14:12,14:13,14:14,14:19,14:20,14:22,14:23,14:24,14:25,14:28,14:30,14:34,14:35,14:38,14:39,14:40,14:41,14:42,14:43,14:44,14:45,14:46,14:47,14:50,14:51,14:52,14:52,14:53,14:54,14:54,14:55,14:56,15:00,15:01,15:02,15:05,15:06,15:07,15:14,15:15,15:16,15:17,15:18,15:19,15:20,15:23,15:24,15:25,15:26,15:27,15:28,15:29,—
14:17,14:18,14:19,14:20,14:25,14:26,14:28,14:29,14:30,14:31,14:34,14:36,14:39,14:40,14:44,14:45,14:46,14:47,14:48,14:49,14:50,14:51,14:52,14:53,14:56,14:57,14:58,14:58,14:59,15:00,15:00,15:01,15:02,15:05,15:06,15:07,15:10,15:11,15:12,15:19,15:20,15:21,15:22,15:23,15:24,15:25,15:29,15:30,15:31,15:32,15:33,15:34,15:35,—
14:24,14:25,14:26,14:27,14:32,14:33,14:35,14:36,14:37,14:38,14:41,14:43,14:46,14:47,14:51,14:52,14:53,14:54,14:55,14:56,14:57,14:58,14:59,15:00,15:03,15:04,15:05,15:05,15:06,15:07,15:07,15:08,15:09,15:12,15:13,15:14,15:17,15:18,15:19,15:26,15:27,15:28,15:29,15:30,15:31,15:32,15:36,15:37,15:38,15:39,15:40,15:41,15:42,—
14:32,14:33,14:34,14:35,14:40,14:41,14:43,14:44,14:45,14:46,14:49,14:51,14:54,14:55,14:59,15:00,15:01,15:02,15:03,15:04,15:05,15:06,15:07,15:08,15:11,15:12,15:13,15:13,15:14,15:15,15:15,15:16,15:17,15:20,15:21,15:22,15:25,15:26,15:27,15:34,15:35,15:36,15:37,15:38,15:39,15:40,15:42,15:43,15:44,15:45,15:46,15:47,15:48,—
14:38,14:39,14:40,14:41,14:46,14:47,14:49,14:50,14:51,14:52,14:55,14:57,15:00,15:01,15:05,15:06,15:07,15:08,15:09,15:10,15:11,15:12,15:13,15:14,15:17,15:18,15:19,15:19,15:20,15:21,15:21,15:22,15:23,15:27,15:28,15:29,15:32,15:33,15:34,15:41,15:42,15:43,15:44,15:45,15:46,15:47,15:48,15:49,15:50,15:51,15:52,15:53,15:54,—
14:46,14:47,14:48,14:49,14:54,14:55,14:57,14:58,14:59,15:00,15:03,15:05,15:08,15:09,15:12,15:13,15:14,15:15,15:16,15:17,15:18,15:19,15:20,15:21,15:24,15:25,15:26,15:26,15:27,15:28,15:28,15:29,15:30,15:34,15:35,15:36,15:39,15:40,15:41,15:48,15:49,15:50,15:51,15:52,15:53,15:54,15:55,15:56,15:57,15:58,15:59,16:00,16:01,—
—,#VALUE!,#VALUE!,#VALUE!,15:01,15:02,15:04,15:05,15:06,15:07,15:10,15:12,15:15,15:16,15:19,15:20,15:21,15:22,15:23,15:24,15:25,15:26,15:27,15:28,15:31,15:32,15:33,15:33,15:34,15:35,15:35,15:36,15:37,15:41,15:42,15:43,15:46,15:47,15:48,15:55,15:56,15:57,15:58,15:59,16:00,16:01,16:02,16:03,16:04,16:05,16:06,16:07,16:08,—
15:01,15:02,15:03,15:04,15:09,15:10,15:12,15:13,15:14,15:15,15:18,15:20,15:23,15:24,15:27,15:28,15:29,15:30,15:31,15:32,15:33,15:34,15:35,15:36,15:39,15:40,15:41,15:41,15:42,15:43,15:43,15:44,15:45,15:49,15:50,15:51,15:54,15:55,15:56,16:03,16:04,16:05,16:06,16:07,16:08,16:09,16:10,16:11,16:12,16:13,16:14,16:15,16:16,—
15:08,15:09,15:10,15:11,15:16,15:17,15:19,15:20,15:21,15:22,15:25,15:27,15:30,15:31,15:35,15:36,15:37,15:38,15:39,15:40,15:41,15:42,15:43,15:44,15:47,15:48,15:49,15:49,15:50,15:51,15:51,15:52,15:53,15:56,15:57,15:58,16:01,16:02,16:03,16:10,16:11,16:12,16:13,16:14,16:15,16:16,16:18,16:19,16:20,16:21,16:22,16:23,16:24,—
15:14,15:15,15:16,15:17,15:22,15:23,15:25,15:26,15:27,15:28,15:31,15:33,15:36,15:37,15:41,15:42,15:43,15:44,15:45,15:46,15:47,15:48,15:49,15:50,15:53,15:54,15:55,15:55,15:56,15:57,15:57,15:58,15:59,16:02,16:03,16:04,16:08,16:09,16:10,16:17,16:18,16:19,16:20,16:21,16:22,16:23,16:24,16:25,16:26,16:27,16:28,16:29,16:30,—
—,#VALUE!,#VALUE!,#VALUE!,15:26,15:27,15:29,15:30,15:31,15:32,15:35,15:37,15:40,15:41,15:45,15:46,15:47,15:48,15:49,15:50,15:51,15:52,15:53,15:54,15:57,15:58,15:59,15:59,16:00,16:01,16:01,16:02,16:03,16:06,16:07,16:08,16:12,16:13,16:14,16:21,16:22,16:23,16:24,16:25,16:26,16:27,16:28,16:29,16:30,16:31,16:32,16:33,16:34,—
15:23,15:24,15:25,15:26,15:31,15:32,15:34,15:35,15:36,15:37,15:40,15:42,15:45,15:46,15:50,15:51,15:52,15:53,15:54,15:55,15:56,15:57,15:58,15:59,16:02,16:03,16:04,16:04,16:05,16:06,16:06,16:07,16:08,16:11,16:12,16:13,16:17,16:18,16:19,16:26,16:27,16:28,16:29,16:30,16:31,16:32,16:34,16:35,16:36,16:37,16:38,16:39,16:40,—
—,#VALUE!,#VALUE!,#VALUE!,15:35,15:36,15:38,15:39,15:40,15:41,15:44,15:46,15:49,15:50,15:54,15:55,15:56,15:57,15:58,15:59,16:00,16:01,16:02,16:03,16:06,16:07,16:08,16:08,16:09,16:10,16:10,16:11,16:12,16:16,16:17,16:18,16:21,16:22,16:23,16:30,16:31,16:32,16:33,16:34,16:35,16:36,16:39,16:40,16:41,16:42,16:43,16:44,16:45,—
15:33,15:34,15:35,15:36,15:41,15:42,15:44,15:45,15:46,15:47,15:50,15:52,15:55,15:56,16:00,16:01,16:02,16:03,16:04,16:05,16:06,16:07,16:08,16:09,16:12,16:13,16:14,16:14,16:15,16:16,16:16,16:17,16:18,16:22,16:23,16:24,16:27,16:28,16:29,16:36,16:37,16:38,16:39,16:40,16:41,16:42,16:45,16:46,16:47,16:48,16:49,16:50,16:51,—
—,#VALUE!,#VALUE!,#VALUE!,15:47,15:48,15:50,15:51,15:52,15:53,15:56,15:58,16:01,16:02,16:06,16:07,16:08,16:09,16:10,16:11,16:12,16:13,16:14,16:15,16:18,16:19,16:20,16:20,16:21,16:22,16:22,16:23,16:24,16:28,16:29,16:30,16:33,16:34,16:35,16:42,16:43,16:44,16:45,16:46,16:47,16:48,16:51,16:52,16:53,16:54,16:55,16:56,16:57,—
15:46,15:47,15:48,15:49,15:54,15:55,15:57,15:58,15:59,16:00,16:03,16:05,16:08,16:09,16:13,16:14,16:15,16:16,16:17,16:18,16:19,16:20,16:21,16:22,16:25,16:26,16:27,16:27,16:28,16:29,16:29,16:30,16:31,16:35,16:36,16:37,16:40,16:41,16:42,16:50,16:51,16:52,16:53,16:54,16:55,16:56,16:58,16:59,17:00,17:01,17:02,17:03,17:04,—
15:50,15:51,15:52,15:53,15:58,15:59,16:01,16:02,16:03,16:04,16:07,16:09,16:12,16:13,16:17,16:18,16:19,16:20,16:21,16:22,16:23,16:24,16:25,16:26,16:29,16:30,16:31,16:31,16:32,16:33,16:33,16:34,16:35,16:39,16:40,16:41,16:45,16:46,16:47,16:54,16:55,16:56,16:57,16:58,16:59,17:00,17:03,17:04,17:05,17:06,17:07,17:08,17:09,—
15:54,15:55,15:56,15:57,16:02,16:03,16:05,16:06,16:07,16:08,16:11,16:13,16:16,16:17,16:21,16:22,16:23,16:24,16:25,16:26,16:27,16:28,16:29,16:30,16:33,16:34,16:35,16:35,16:36,16:37,16:37,16:38,16:39,16:44,16:45,16:46,16:49,16:50,16:51,16:59,17:00,17:01,17:02,17:03,17:04,17:05,17:07,17:08,17:09,17:10,17:11,17:12,17:13,—
—,#VALUE!,#VALUE!,#VALUE!,16:06,16:07,16:09,16:10,16:11,16:12,16:15,16:17,16:20,16:21,16:25,16:26,16:27,16:28,16:29,16:30,16:31,16:32,16:33,16:34,16:37,16:38,16:39,16:39,16:40,16:41,16:41,16:42,16:43,16:48,16:49,16:50,16:53,16:54,16:55,17:03,17:04,17:05,17:06,17:07,17:08,17:09,17:12,17:13,17:14,17:15,17:16,17:17,17:18,—
16:00,16:01,16:02,16:03,16:08,16:09,16:11,16:12,16:13,16:14,16:17,16:19,16:22,16:23,16:27,16:28,16:29,16:30,16:31,16:32,16:33,16:34,16:35,16:36,16:39,16:40,16:41,16:41,16:42,16:43,16:43,16:44,16:45,16:50,16:51,16:52,16:55,16:56,16:57,17:05,17:06,17:07,17:08,17:09,17:10,17:11,17:14,17:15,17:16,17:17,17:18,17:19,17:20,—
—,#VALUE!,#VALUE!,#VALUE!,16:12,16:13,16:15,16:16,16:17,16:18,16:21,16:23,16:26,16:27,16:31,16:32,16:33,16:34,16:35,16:36,16:37,16:38,16:39,16:40,16:43,16:44,16:45,16:45,16:46,16:47,16:47,16:48,16:49,16:54,16:55,16:56,16:59,17:00,17:01,17:09,17:10,17:11,17:12,17:13,17:14,17:15,17:18,17:19,17:20,17:21,17:22,17:23,17:24,—
16:09,16:10,16:11,16:12,16:17,16:18,16:20,16:21,16:22,16:23,16:26,16:29,16:32,16:33,16:38,16:39,16:40,16:41,16:42,16:43,16:44,16:45,16:46,16:47,16:50,16:51,16:52,16:52,16:53,16:54,16:54,16:55,16:56,17:01,17:02,17:03,17:06,17:07,17:08,17:16,17:17,17:18,17:19,17:22,17:23,17:24,17:27,17:28,17:29,17:30,17:31,17:32,17:33,—
—,#VALUE!,#VALUE!,#VALUE!,16:21,16:22,16:24,16:25,16:26,16:27,16:30,16:33,16:36,16:37,16:42,16:43,16:44,16:45,16:46,16:47,16:48,16:49,16:50,16:51,16:54,16:55,16:56,16:56,16:57,16:58,16:58,16:59,17:00,17:05,17:06,17:07,17:11,17:12,17:13,17:20,17:21,17:22,17:23,17:25,17:26,17:27,17:29,17:30,17:31,17:32,17:33,17:34,17:35,—
16:18,16:19,16:20,16:21,16:26,16:27,16:29,16:30,16:31,16:32,16:35,16:37,16:40,16:41,16:46,16:47,16:48,16:49,16:50,16:51,16:52,16:53,16:54,16:55,16:58,16:59,17:00,17:00,17:01,17:02,17:02,17:03,17:04,17:09,17:10,17:11,17:14,17:15,17:16,17:24,17:25,17:26,17:27,17:28,17:29,17:30,17:33,17:34,17:35,17:36,17:37,17:38,17:39,—
—,#VALUE!,#VALUE!,#VALUE!,16:29,16:30,16:32,16:33,16:34,16:35,16:38,16:40,16:43,16:44,16:49,16:50,16:51,16:52,16:53,16:54,16:55,16:56,16:57,16:58,17:01,17:02,17:03,17:03,17:04,17:05,17:05,17:06,17:07,17:12,17:13,17:14,17:17,17:18,17:19,17:27,17:28,17:29,17:30,17:31,17:32,17:33,17:35,17:36,17:37,17:38,17:39,17:40,17:41,—
16:25,16:26,16:27,16:28,16:33,16:34,16:36,16:37,16:38,16:39,16:42,16:44,16:47,16:48,16:53,16:54,16:55,16:56,16:57,16:58,16:59,17:00,17:01,17:02,17:05,17:06,17:07,17:07,17:08,17:09,17:09,17:10,17:11,17:16,17:17,17:18,17:21,17:22,17:23,17:31,17:32,17:33,17:34,17:35,17:36,17:37,17:39,17:40,17:41,17:42,17:43,17:44,17:45,—
16:32,16:33,16:34,16:35,16:40,16:41,16:43,16:44,16:45,16:46,16:49,16:51,16:54,16:55,17:00,17:01,17:02,17:03,17:04,17:05,17:06,17:07,17:08,17:09,17:12,17:13,17:14,17:14,17:15,17:16,17:16,17:17,17:18,17:23,17:24,17:25,17:29,17:30,17:31,17:38,17:39,17:40,17:41,17:43,17:44,17:45,17:47,17:48,17:49,17:50,17:51,17:52,17:53,—
16:37,16:38,16:39,16:40,16:45,16:46,16:48,16:49,16:50,16:51,16:54,16:56,16:59,17:00,17:05,17:06,17:07,17:08,17:09,17:10,17:11,17:12,17:13,17:14,17:17,17:18,17:19,17:19,17:20,17:21,17:21,17:22,17:23,17:28,17:29,17:30,17:34,17:35,17:36,17:43,17:44,17:45,17:46,17:48,17:49,17:50,17:52,17:53,17:54,17:55,17:56,17:57,17:58,—
16:39,16:40,16:41,16:42,16:47,16:48,16:50,16:51,16:52,16:53,16:56,16:59,17:02,17:03,17:07,17:08,17:09,17:10,17:11,17:12,17:13,17:14,17:15,17:16,17:20,17:21,17:22,17:22,17:23,17:24,17:24,17:25,17:26,17:31,17:32,17:33,17:36,17:37,17:38,17:46,17:47,17:48,17:49,17:50,17:51,17:52,17:54,17:55,17:56,17:57,17:58,17:59,18:00,—
16:44,16:45,16:46,16:47,16:52,16:53,16:55,16:56,16:57,16:58,17:01,17:04,17:07,17:08,17:12,17:13,17:14,17:15,17:16,17:17,17:18,17:19,17:20,17:21,17:25,17:26,17:27,17:27,17:28,17:29,17:29,17:30,17:31,17:37,17:38,17:39,17:42,17:43,17:44,17:52,17:53,17:54,17:55,17:56,17:57,17:58,18:00,18:01,18:02,18:03,18:04,18:05,18:06,18:12
16:50,16:51,16:52,16:53,16:58,16:59,17:01,17:02,17:03,17:04,17:07,17:10,17:13,17:14,17:18,17:19,17:20,17:21,17:22,17:23,17:24,17:25,17:26,17:27,17:30,17:31,17:32,17:32,17:33,17:34,17:34,17:35,17:36,17:41,17:42,17:43,17:47,17:48,17:49,17:56,17:57,17:58,17:59,18:01,18:02,18:03,18:05,18:06,18:07,18:08,18:09,18:10,18:11,—
—,#VALUE!,#VALUE!,#VALUE!,17:01,17:02,17:04,17:05,17:06,17:07,17:10,17:13,17:16,17:17,17:22,17:23,17:24,17:25,17:26,17:27,17:28,17:29,17:30,17:31,17:34,17:35,17:36,17:36,17:37,17:38,17:38,17:39,17:40,17:45,17:46,17:47,17:51,17:52,17:53,18:00,18:01,18:02,18:03,18:05,18:06,18:07,18:09,18:10,18:11,18:12,18:13,18:14,18:15,—
16:59,17:00,17:01,17:02,17:07,17:08,17:10,17:11,17:12,17:13,17:16,17:18,17:21,17:22,17:26,17:27,17:28,17:29,17:30,17:31,17:32,17:33,17:34,17:35,17:39,17:40,17:41,17:41,17:42,17:43,17:43,17:44,17:45,17:50,17:51,17:52,17:55,17:56,17:57,18:05,18:06,18:07,18:08,18:09,18:10,18:11,18:14,18:15,18:16,18:17,18:18,18:19,18:20,18:26
17:03,17:04,17:05,17:06,17:11,17:12,17:14,17:15,17:16,17:17,17:20,17:22,17:25,17:26,17:31,17:32,17:33,17:34,17:35,17:36,17:37,17:38,17:39,17:40,17:43,17:44,17:45,17:45,17:46,17:47,17:47,17:48,17:49,17:54,17:55,17:56,17:59,18:00,18:01,18:09,18:10,18:11,18:12,18:13,18:14,18:15,18:17,18:18,18:19,18:20,18:21,18:22,18:23,—
17:09,17:10,17:11,17:12,17:17,17:18,17:20,17:21,17:22,17:23,17:26,17:28,17:31,17:32,17:37,17:38,17:39,17:40,17:41,17:42,17:43,17:44,17:45,17:46,17:49,17:50,17:51,17:52,17:53,17:53,17:54,17:55,17:56,18:00,18:01,18:02,18:05,18:06,18:07,18:15,18:16,18:17,18:18,18:19,18:20,18:21,18:23,18:24,18:25,18:26,18:27,18:28,18:29,—
17:16,17:17,17:18,17:19,17:24,17:25,17:27,17:28,17:29,17:30,17:33,17:35,17:38,17:39,17:44,17:45,17:46,17:47,17:48,17:49,17:50,17:51,17:52,17:53,17:56,17:57,17:58,17:58,17:59,18:00,18:00,18:01,18:02,18:07,18:08,18:09,18:12,18:13,18:14,18:22,18:23,18:24,18:25,18:26,18:27,18:28,18:30,18:31,18:32,18:33,18:34,18:35,18:36,—
17:22,17:23,17:24,17:25,17:30,17:31,17:33,17:34,17:35,17:36,17:39,17:41,17:44,17:45,17:50,17:51,17:52,17:53,17:54,17:55,17:56,17:57,17:58,17:59,18:02,18:03,18:04,18:05,18:06,18:06,18:07,18:08,18:09,18:13,18:14,18:15,18:18,18:19,18:20,18:28,18:29,18:30,18:31,18:32,18:33,18:34,18:36,18:37,18:38,18:39,18:40,18:41,18:42,—
17:29,17:30,17:31,17:32,17:37,17:38,17:40,17:41,17:42,17:43,17:46,17:48,17:51,17:52,17:57,17:58,17:59,18:00,18:01,18:02,18:03,18:04,18:05,18:06,18:09,18:10,18:11,18:11,18:12,18:13,18:13,18:14,18:15,18:20,18:21,18:22,18:25,18:26,18:27,18:35,18:36,18:37,18:38,18:39,18:40,18:41,18:43,18:44,18:45,18:46,18:47,18:48,18:49,—
17:35,17:36,17:37,17:38,17:43,17:44,17:46,17:47,17:48,17:49,17:52,17:54,17:57,17:58,18:03,18:04,18:05,18:06,18:07,18:08,18:09,18:10,18:11,18:12,18:15,18:16,18:17,18:18,18:19,18:19,18:20,18:21,18:22,18:26,18:27,18:28,18:31,18:32,18:33,18:41,18:42,18:43,18:44,18:45,18:46,18:47,18:49,18:50,18:51,18:52,18:53,18:54,18:55,—
17:42,17:43,17:44,17:45,17:50,17:51,17:53,17:54,17:55,17:56,17:59,18:01,18:04,18:05,18:10,18:11,18:12,18:13,18:14,18:15,18:16,18:17,18:18,18:19,18:22,18:23,18:24,18:24,18:25,18:26,18:26,18:27,18:28,18:33,18:34,18:35,18:38,18:39,18:40,18:48,18:49,18:50,18:51,18:52,18:53,18:54,18:56,18:57,18:58,18:59,19:00,19:01,19:02,—
17:48,17:49,17:50,17:51,17:56,17:57,17:59,18:00,18:01,18:02,18:05,18:07,18:10,18:11,18:16,18:17,18:18,18:19,18:20,18:21,18:22,18:23,18:24,18:25,18:28,18:29,18:30,18:31,18:32,18:32,18:33,18:34,18:35,18:39,18:40,18:41,18:44,18:45,18:46,18:54,18:55,18:56,18:57,18:58,18:59,19:00,19:02,19:03,19:04,19:05,19:06,19:07,19:08,—
17:55,17:56,17:57,17:58,18:03,18:04,18:06,18:07,18:08,18:09,18:12,18:14,18:17,18:18,18:23,18:24,18:25,18:26,18:27,18:28,18:29,18:30,18:31,18:32,18:35,18:36,18:37,18:37,18:38,18:39,18:39,18:40,18:41,18:46,18:47,18:48,18:51,18:52,18:53,19:01,19:02,19:03,19:04,19:05,19:06,19:07,19:09,19:10,19:11,19:12,19:13,19:14,19:15,—
18:01,18:02,18:03,18:04,18:09,18:10,18:12,18:13,18:14,18:15,18:18,18:20,18:23,18:24,18:29,18:30,18:31,18:32,18:33,18:34,18:35,18:36,18:37,18:38,18:41,18:42,18:43,18:44,18:45,18:45,18:46,18:47,18:48,18:52,18:53,18:54,18:57,18:58,18:59,19:07,19:08,19:09,19:10,19:11,19:12,19:13,19:15,19:16,19:17,19:18,19:19,19:20,19:21,—
18:08,18:09,18:10,18:11,18:16,18:17,18:19,18:20,18:21,18:22,18:25,18:27,18:30,18:31,18:36,18:37,18:38,18:39,18:40,18:41,18:42,18:43,18:44,18:45,18:48,18:49,18:50,18:50,18:51,18:52,18:52,18:53,18:54,18:59,19:00,19:01,19:04,19:05,19:06,19:14,19:15,19:16,19:17,19:18,19:19,19:20,19:22,19:23,19:24,19:25,19:26,19:27,19:28,—
18:14,18:15,18:16,18:17,18:22,18:23,18:25,18:26,18:27,18:28,18:31,18:33,18:36,18:37,18:42,18:43,18:44,18:45,18:46,18:47,18:48,18:49,18:50,18:51,18:54,18:55,18:56,18:57,18:58,18:58,18:59,19:00,19:01,19:05,19:06,19:07,19:10,19:11,19:12,19:20,19:21,19:22,19:23,19:24,19:25,19:26,19:28,19:29,19:30,19:31,19:32,19:33,19:34,—
18:21,18:22,18:23,18:24,18:29,18:30,18:32,18:33,18:34,18:35,18:38,18:40,18:43,18:44,18:49,18:50,18:51,18:52,18:53,18:54,18:55,18:56,18:57,18:58,19:01,19:02,19:03,19:03,19:04,19:05,19:05,19:06,19:07,19:12,19:13,19:14,19:17,19:18,19:19,19:27,19:28,19:29,19:30,19:31,19:32,19:33,19:35,19:36,19:37,19:38,19:39,19:40,19:41,—
18:27,18:28,18:29,18:30,18:35,18:36,18:38,18:39,18:40,18:41,18:44,18:46,18:49,18:50,18:55,18:56,18:57,18:58,18:59,19:00,19:01,19:02,19:03,19:04,19:07,19:08,19:09,19:10,19:11,19:11,19:12,19:13,19:14,19:18,19:19,19:20,19:23,19:24,19:25,19:33,19:34,19:35,19:36,19:37,19:38,19:39,19:41,19:42,19:43,19:44,19:45,19:46,19:47,—
18:34,18:35,18:36,18:37,18:42,18:43,18:45,18:46,18:47,18:48,18:51,18:53,18:56,18:57,19:02,19:03,19:04,19:05,19:06,19:07,19:08,19:09,19:10,19:11,19:14,19:15,19:16,19:16,19:17,19:18,19:18,19:19,19:20,19:25,19:26,19:27,19:30,19:31,19:32,19:40,19:41,19:42,19:43,19:44,19:45,19:46,19:48,19:49,19:50,19:51,19:52,19:53,19:54,—
18:40,18:41,18:42,18:43,18:48,18:49,18:51,18:52,18:53,18:54,18:57,18:59,19:02,19:03,19:08,19:09,19:10,19:11,19:12,19:13,19:14,19:15,19:16,19:17,19:20,19:21,19:22,19:23,19:24,19:24,19:25,19:26,19:27,19:31,19:32,19:33,19:36,19:37,19:38,19:46,19:47,19:48,19:49,19:50,19:51,19:52,19:54,19:55,19:56,19:57,19:58,19:59,20:00,—
18:47,18:48,18:49,18:50,18:55,18:56,18:58,18:59,19:00,19:01,19:04,19:06,19:09,19:10,19:15,19:16,19:17,19:18,19:19,19:20,19:21,19:22,19:23,19:24,19:27,19:28,19:29,19:29,19:30,19:31,19:31,19:32,19:33,19:38,19:39,19:40,19:43,19:44,19:45,19:53,19:54,19:55,19:56,19:57,19:58,19:59,20:01,20:02,20:03,20:04,20:05,20:06,20:07,—
18:53,18:54,18:55,18:56,19:01,19:02,19:04,19:05,19:06,19:07,19:10,19:12,19:15,19:16,19:21,19:22,19:23,19:24,19:25,19:26,19:27,19:28,19:29,19:30,19:33,19:34,19:35,19:36,19:37,19:37,19:38,19:39,19:40,19:44,19:45,19:46,19:49,19:50,19:51,19:59,20:00,20:01,20:02,20:03,20:04,20:05,20:07,20:08,20:09,20:10,20:11,20:12,20:13,—
19:00,19:01,19:02,19:03,19:08,19:09,19:11,19:12,19:13,19:14,19:17,19:19,19:22,19:23,19:28,19:29,19:30,19:31,19:32,19:33,19:34,19:35,19:36,19:37,19:40,19:41,19:42,19:42,19:43,19:44,19:44,19:45,19:46,19:51,19:52,19:53,19:56,19:57,19:58,20:06,20:07,20:08,20:09,20:10,20:11,20:12,20:14,20:15,20:16,20:17,20:18,20:19,20:20,—
19:09,19:10,19:11,19:12,19:17,19:18,19:20,19:21,19:22,19:23,19:26,19:28,19:31,19:32,19:35,19:36,19:37,19:38,19:39,19:40,19:41,19:42,19:43,19:44,19:46,19:47,19:48,19:48,19:49,19:50,19:50,19:51,19:52,19:55,19:56,19:57,20:00,20:01,20:02,20:09,20:10,20:11,20:12,20:13,20:14,20:15,20:17,20:18,20:19,20:20,20:21,20:22,20:23,—
19:15,19:16,19:17,19:18,19:23,19:24,19:26,19:27,19:28,19:29,19:32,19:34,19:37,19:38,19:41,19:42,19:43,19:44,19:45,19:46,19:47,19:48,19:49,19:50,19:52,19:53,19:54,19:54,19:55,19:56,19:56,19:57,19:58,20:01,20:02,20:03,20:06,20:07,20:08,20:15,20:16,20:17,20:18,20:19,20:20,20:21,20:22,20:23,20:24,20:25,20:26,20:27,20:28,—
19:21,19:22,19:23,19:24,19:29,19:30,19:32,19:33,19:34,19:35,19:38,19:40,19:43,19:44,19:47,19:48,19:49,19:50,19:51,19:52,19:53,19:54,19:55,19:56,19:58,19:59,20:00,20:00,20:01,20:02,20:02,20:03,20:04,20:07,20:08,20:09,20:12,20:13,20:14,20:21,20:22,20:23,20:24,20:25,20:26,20:27,20:28,20:29,20:30,20:31,20:32,20:33,20:34,—
19:27,19:28,19:29,19:30,19:35,19:36,19:38,19:39,19:40,19:41,19:44,19:46,19:49,19:50,19:53,19:54,19:55,19:56,19:57,19:58,19:59,20:00,20:01,20:02,20:04,20:05,20:06,20:06,20:07,20:08,20:08,20:09,20:10,20:13,20:14,20:15,20:18,20:19,20:20,20:27,20:28,20:29,20:30,20:31,20:32,20:33,20:34,20:35,20:36,20:37,20:38,20:39,20:40,—
19:33,19:34,19:35,19:36,19:41,19:42,19:44,19:45,19:46,19:47,19:49,19:51,19:54,19:55,19:59,20:00,20:01,20:02,20:03,20:04,20:05,20:06,20:07,20:08,20:10,20:11,20:12,20:12,20:13,20:14,20:14,20:15,20:16,20:19,20:20,20:21,20:23,20:24,20:25,20:32,20:33,20:34,20:35,20:36,20:37,20:38,20:40,20:41,20:42,20:43,20:44,20:45,20:46,—
19:39,19:40,19:41,19:42,19:47,19:48,19:50,19:51,19:52,19:53,19:55,19:57,20:00,20:01,20:05,20:06,20:07,20:08,20:09,20:10,20:11,20:12,20:13,20:14,20:16,20:17,20:18,20:18,20:19,20:20,20:20,20:21,20:22,20:25,20:26,20:27,20:29,20:30,20:31,20:38,20:39,20:40,20:41,20:42,20:43,20:44,20:46,20:47,20:48,20:49,20:50,20:51,20:52,—
19:46,19:47,19:48,19:49,19:54,19:55,19:57,19:58,19:59,20:00,20:02,20:04,20:07,20:08,20:12,20:13,20:14,20:15,20:16,20:17,20:18,20:19,20:20,20:21,20:23,20:24,20:25,20:25,20:26,20:27,20:27,20:28,20:29,20:32,20:33,20:34,20:36,20:37,20:38,20:45,20:46,20:47,20:48,20:49,20:50,20:51,20:53,20:54,20:55,20:56,20:57,20:58,20:59,—
19:54,19:55,19:56,19:57,20:02,20:03,20:05,20:06,20:07,20:08,20:10,20:12,20:15,20:16,20:20,20:21,20:22,20:23,20:24,20:25,20:26,20:27,20:28,20:29,20:31,20:32,20:33,20:33,20:34,20:35,20:35,20:36,20:37,20:40,20:41,20:42,20:44,20:45,20:46,20:53,20:54,20:55,20:56,20:57,20:58,20:59,21:01,21:02,21:03,21:04,21:05,21:06,21:07,—
20:02,20:03,20:04,20:05,20:10,20:11,20:13,20:14,20:15,20:16,20:18,20:20,20:23,20:24,20:28,20:29,20:30,20:31,20:32,20:33,20:34,20:35,20:36,20:37,20:39,20:40,20:41,20:41,20:42,20:43,20:43,20:44,20:45,20:48,20:49,20:50,20:52,20:53,20:54,21:01,21:02,21:03,21:04,21:05,21:06,21:07,21:09,21:10,21:11,21:12,21:13,21:14,21:15,—
20:08,20:09,20:10,20:11,20:16,20:17,20:19,20:20,20:21,20:22,20:24,20:26,20:29,20:30,20:34,20:35,20:36,20:37,20:38,20:39,20:40,20:41,20:42,20:43,20:45,20:46,20:47,20:47,20:48,20:49,20:49,20:50,20:51,20:54,20:55,20:56,20:58,20:59,21:00,21:07,21:08,21:09,21:10,21:11,21:12,21:13,21:15,21:16,21:17,21:18,21:19,21:20,21:21,—
20:16,20:17,20:18,20:19,20:24,20:25,20:27,20:28,20:29,20:30,20:32,20:34,20:37,20:38,20:42,20:43,20:44,20:45,20:46,20:47,20:48,20:49,20:50,20:51,20:53,20:54,20:55,20:55,20:56,20:57,20:57,20:58,20:59,21:02,21:03,21:04,21:06,21:07,21:08,21:15,21:16,21:17,21:18,21:19,21:20,21:21,21:23,21:24,21:25,21:26,21:27,21:28,21:29,—
20:22,20:23,20:24,20:25,20:30,20:31,20:33,20:34,20:35,20:36,20:39,20:41,20:44,20:45,20:48,20:49,20:50,20:51,20:52,20:53,20:54,20:55,20:56,20:57,20:59,21:00,21:01,21:01,21:02,21:03,21:03,21:04,21:05,21:08,21:09,21:10,21:13,21:14,21:15,21:22,21:23,21:24,21:25,21:26,21:27,21:28,21:29,21:30,21:31,21:32,21:33,21:34,21:35,—
20:31,20:32,20:33,20:34,20:39,20:40,20:42,20:43,20:44,20:45,20:47,20:49,20:52,20:53,20:57,20:58,20:59,21:00,21:01,21:02,21:03,21:04,21:05,21:06,21:08,21:09,21:10,21:10,21:11,21:12,21:12,21:13,21:14,21:17,21:18,21:19,21:21,21:22,21:23,21:32,21:33,21:34,21:35,21:36,21:37,21:38,21:40,21:41,21:42,21:43,21:44,21:45,21:46,—
20:39,20:40,20:41,20:42,20:47,20:48,20:50,20:51,20:52,20:53,20:56,20:58,21:01,21:02,21:05,21:06,21:07,21:08,21:09,21:10,21:11,21:12,21:13,21:14,21:16,21:17,21:18,21:18,21:19,21:20,21:20,21:21,21:22,21:25,21:26,21:27,21:30,21:31,21:32,21:39,21:40,21:41,21:42,21:43,21:44,21:45,21:46,21:47,21:48,21:49,21:50,21:51,21:52,—
20:48,20:49,20:50,20:51,20:56,20:57,20:59,21:00,21:01,21:02,21:04,21:06,21:09,21:10,21:14,21:15,21:16,21:17,21:18,21:19,21:20,21:21,21:22,21:23,21:25,21:26,21:27,21:27,21:28,21:29,21:29,21:30,21:31,21:34,21:35,21:36,21:38,21:39,21:40,21:47,21:48,21:49,21:50,21:54,21:55,21:56,22:00,22:01,22:02,22:03,22:04,22:05,22:06,—
20:57,20:58,20:59,21:00,21:05,21:06,21:07,21:08,21:09,21:10,21:13,21:15,21:18,21:19,21:22,21:23,21:24,21:25,21:26,21:27,21:28,21:29,21:30,21:31,21:33,21:34,21:35,21:35,21:36,21:37,21:37,21:38,21:39,21:42,21:43,21:44,21:47,21:48,21:49,21:56,21:57,21:58,21:59,22:02,22:03,22:04,22:08,22:09,22:10,22:11,22:12,22:13,22:14,—
21:08,21:09,21:10,21:11,21:16,21:17,21:18,21:19,21:20,21:21,21:24,21:26,21:29,21:30,21:33,21:34,21:35,21:36,21:37,21:38,21:39,21:40,21:41,21:42,21:44,21:45,21:46,21:46,21:47,21:48,21:48,21:49,21:50,21:53,21:54,21:55,21:58,21:59,22:00,22:07,22:08,22:09,22:10,22:13,22:14,22:15,22:19,22:20,22:21,22:22,22:23,22:24,22:25,22:31
21:17,21:18,21:19,21:20,21:25,21:26,21:27,21:28,21:29,21:30,21:33,21:35,21:38,21:39,21:42,21:43,21:44,21:45,21:46,21:47,21:48,21:49,21:50,21:51,21:53,21:54,21:55,21:55,21:56,21:57,21:57,21:58,21:59,22:02,22:03,22:04,22:06,22:07,22:08,22:15,22:16,22:17,22:18,22:22,22:23,22:24,22:28,22:29,22:30,22:31,22:32,22:33,22:34,22:40
21:27,21:28,21:29,21:30,21:35,21:36,21:37,21:38,21:39,21:40,21:43,21:45,21:48,21:49,21:52,21:53,21:54,21:55,21:56,21:57,21:58,21:59,22:00,22:01,22:03,22:04,22:05,22:05,22:06,22:07,22:07,22:08,22:09,22:12,22:13,22:14,22:16,22:17,22:18,22:25,22:26,22:27,22:28,22:32,22:33,22:34,22:38,22:39,22:40,22:41,22:42,22:43,22:44,22:49
21:37,21:38,21:39,21:40,21:45,21:46,21:47,21:48,21:49,21:50,21:53,21:55,21:58,21:59,22:02,22:03,22:04,22:05,22:06,22:07,22:08,22:09,22:10,22:11,22:13,22:14,22:15,22:15,22:16,22:17,22:17,22:18,22:19,22:22,22:23,22:24,22:26,22:27,22:28,22:35,22:36,22:37,22:38,22:42,22:43,22:44,22:48,22:49,22:50,22:51,22:52,22:53,22:54,22:59
21:46,21:47,21:48,21:49,21:54,21:55,21:56,21:57,21:58,21:59,22:02,22:04,22:07,22:08,22:11,22:12,22:13,22:14,22:15,22:16,22:17,22:18,22:19,22:20,22:22,22:23,22:24,22:24,22:25,22:26,22:26,22:27,22:28,22:31,22:32,22:33,22:35,22:36,22:37,22:43,22:44,22:45,22:46,22:49,22:50,22:51,22:56,22:57,22:58,22:59,23:00,23:01,23:02,23:07
21:56,21:57,21:58,21:59,22:03,22:04,22:06,22:07,22:08,22:09,22:11,22:13,22:16,22:17,22:21,22:22,22:23,22:24,22:25,22:26,22:27,22:28,22:29,22:30,22:32,22:33,22:34,22:34,22:35,22:36,22:36,22:37,22:38,22:40,22:41,22:42,22:44,22:45,22:46,22:52,22:53,22:54,22:55,22:59,23:00,23:01,23:05,23:06,23:07,23:08,23:09,23:10,23:11,23:16
22:07,22:08,22:09,22:10,22:15,22:16,22:17,22:18,22:19,22:20,22:23,22:25,22:28,22:29,22:32,22:33,22:34,22:35,22:36,22:37,22:38,22:39,22:40,22:41,22:43,22:44,22:45,22:45,22:46,22:47,22:47,22:48,22:49,22:51,22:52,22:53,22:55,22:56,22:57,23:03,23:04,23:05,23:06,23:10,23:11,23:12,23:16,23:17,23:18,23:19,23:20,23:21,23:22,23:27
22:17,22:18,22:19,22:20,22:25,22:26,22:27,22:28,22:29,22:30,22:33,22:35,22:38,22:39,22:42,22:43,22:44,22:45,22:46,22:47,22:48,22:49,22:50,22:51,22:53,22:54,22:55,22:55,22:56,22:57,22:57,22:58,22:59,23:01,23:02,23:03,23:05,23:06,23:07,23:13,23:14,23:15,23:16,23:20,23:21,23:22,23:26,23:27,23:28,23:29,23:30,23:31,23:32,23:37
22:28,22:29,22:30,22:31,22:35,22:36,22:38,22:39,22:40,22:41,22:43,22:45,22:48,22:49,22:53,22:54,22:55,22:56,22:57,22:58,22:59,23:00,23:01,23:02,23:03,23:04,23:05,23:05,23:06,23:07,23:07,23:08,23:09,23:12,23:13,23:14,23:16,23:17,23:18,23:24,23:25,23:26,23:27,23:30,23:31,23:32,23:38,23:39,23:40,23:41,23:42,23:43,23:44,23:49
22:40,22:41,22:42,22:43,22:47,22:48,22:50,22:51,22:52,22:53,22:55,22:57,23:00,23:01,23:05,23:06,23:07,23:08,23:09,23:10,23:11,23:12,23:13,23:14,23:15,23:16,23:17,23:17,23:18,23:19,23:19,23:20,23:21,23:24,23:25,23:26,23:28,23:29,23:30,23:36,23:37,23:38,23:39,23:42,23:43,23:44,23:48,23:49,23:50,23:51,23:52,23:53,23:54,23:59
22:52,22:53,22:54,22:55,22:59,23:00,23:02,23:03,23:04,23:05,23:07,23:09,23:12,23:13,23:17,23:18,23:19,23:20,23:21,23:22,23:23,23:24,23:25,23:26,23:27,23:28,23:29,23:29,23:30,23:31,23:31,23:32,23:33,23:36,23:37,23:38,23:40,23:41,23:42,23:48,23:49,23:50,23:51,23:54,23:55,23:56,12:04,12:05,12:06,12:07,12:08,12:09,12:10,12:15
23:04,23:05,23:06,23:07,23:11,23:12,23:14,23:15,23:16,23:17,23:19,23:21,23:24,23:25,23:29,23:30,23:31,23:32,23:33,23:34,23:35,23:36,23:37,23:38,23:39,23:40,23:41,23:41,23:42,23:43,23:43,23:44,23:45,23:48,23:49,23:50,23:52,23:53,23:54,12:00,12:01,12:02,12:03,12:06,12:07,12:08,12:18,12:19,12:20,12:21,12:22,12:23,12:24,12:29
23:16,23:17,23:18,23:19,23:23,23:24,23:26,23:27,23:28,23:29,23:31,23:33,23:36,23:37,23:41,23:42,23:43,23:44,23:45,23:46,23:47,23:48,23:49,23:50,23:51,23:52,23:53,23:53,23:54,23:55,23:55,23:56,23:57,12:00,12:01,12:02,12:04,12:05,12:06,12:12,12:13,12:14,12:15,12:18,12:19,12:20,12:31,12:32,12:33,12:34,12:35,12:36,12:37,12:42
23:28,23:29,23:30,23:31,23:35,23:36,23:38,23:39,23:40,23:41,23:43,23:45,23:48,23:49,23:53,23:54,23:55,23:56,23:57,23:58,23:59,0:00,0:01,0:02,12:03,12:04,12:05,12:05,12:06,12:07,12:07,12:08,12:09,12:11,12:12,12:13,12:15,12:16,12:17,12:23,12:24,12:25,12:26,12:30,12:31,12:32,12:45,12:46,12:47,12:48,12:49,12:50,12:51,12:56
23:46,23:47,23:48,23:49,23:53,23:54,23:55,23:56,23:57,23:58,12:01,12:03,12:06,12:07,12:10,12:11,12:12,12:13,12:14,12:15,12:16,12:17,12:18,12:19,12:21,12:22,12:23,12:23,12:24,12:25,12:25,12:26,12:27,12:29,12:30,12:31,12:33,12:34,12:35,12:41,12:42,12:43,12:44,12:47,12:48,12:49,1:02,1:03,1:04,1:05,1:06,1:07,1:08,1:13
